product_master_id_placeholder,brand_name_en,brand_name_ar,generic_name,category,manufacturer,form,strength,pack_size,barcode_status,barcode_value,rx_required,controlled,prescription_upload_required,restricted_checkout,checkout_restriction_reason,base_price_egp,indicative_price_eur,source_name,source_url,verification_status,confidence_score,availability_status,shortage_risk,notes
PM-PANADOL-001,Panadol,بانادول,Paracetamol,Pain Relief,Haleon Egypt,Tablet,500mg,20 tablets,UNVERIFIED,UNVERIFIED-RXEG-001,false,false,false,false,,45.00,0.75,Yodawy Catalogue,https://yodawy.com,CANDIDATE,0.3,In Stock,LOW,OTC pain relief
PM-PANADOL-002,Panadol,بانادول,Paracetamol,Pain Relief,Haleon Egypt,Tablet,500mg,10 tablets,UNVERIFIED,UNVERIFIED-RXEG-002,false,false,false,false,,25.00,0.42,Yodawy Catalogue,https://yodawy.com,CANDIDATE,0.3,In Stock,LOW,OTC pain relief
PM-AMOXIL-001,Amoxil,أموكسيل,Amoxicillin,Antibiotics,GSK Egypt,Capsule,500mg,16 capsules,UNVERIFIED,UNVERIFIED-RXEG-003,true,false,true,true,Prescription required by Egyptian law,85.00,1.42,Yodawy Catalogue,https://yodawy.com,CANDIDATE,0.4,In Stock,MEDIUM,Rx required
PM-NEXIUM-001,Nexium,نيكسيوم,Esomeprazole,Digestive Health,EIPICO,Tablet,40mg,14 tablets,UNVERIFIED,UNVERIFIED-RXEG-004,false,false,false,false,,120.00,2.00,Yodawy Catalogue,https://yodawy.com,CANDIDATE,0.35,In Stock,LOW,Acid reflux treatment
PM-LIPITOR-001,Lipitor,ليبيتور,Atorvastatin,Cardiovascular,Pfizer Egypt,Tablet,20mg,30 tablets,UNVERIFIED,UNVERIFIED-RXEG-005,true,false,true,true,Prescription required - monitoring needed,150.00,2.50,Yodawy Catalogue,https://yodawy.com,CANDIDATE,0.35,In Stock,MEDIUM,Rx required
PM-VENTOLIN-001,Ventolin,فنتولين,Salbutamol,Respiratory,GSK Egypt,Inhaler,100mcg,200 doses,UNVERIFIED,UNVERIFIED-RXEG-006,true,false,true,true,Prescription required for asthma treatment,75.00,1.25,Yodawy Catalogue,https://yodawy.com,CANDIDATE,0.35,In Stock,MEDIUM,Rx required
PM-CATAFLAM-001,Cataflam,كاتافلام,Diclofenac Potassium,Pain Relief,Haleon Egypt,Tablet,50mg,20 tablets,UNVERIFIED,UNVERIFIED-RXEG-007,false,false,false,false,,35.00,0.58,Yodawy Catalogue,https://yodawy.com,CANDIDATE,0.3,In Stock,LOW,NSAID painkiller
PM-AUGMENTIN-001,Augmentin,أوجمنتين,Amoxicillin/Clavulanate,Antibiotics,GSK Egypt,Tablet,625mg,14 tablets,UNVERIFIED,UNVERIFIED-RXEG-008,true,false,true,true,Prescription required - antibiotic,95.00,1.58,Yodawy Catalogue,https://yodawy.com,CANDIDATE,0.35,In Stock,MEDIUM,Rx required
PM-TRAMADOL-001,Tramadol,ترامادول,Tramadol Hydrochloride,Pain Relief,EIPICO,Tablet,50mg,10 tablets,UNVERIFIED,UNVERIFIED-RXEG-009,true,true,true,true,Controlled substance - Egyptian law prohibits online sale,0.00,0.00,Egyptian Drug Authority,https://eda.gov.eg,BLOCKED,0.0,Not Available,CRITICAL,Controlled - prohibited for online sale
